num_game,date,city,team_home,goals_home,team_away,goals_away,competition
1,1910-05-27,Buenos Aires,Argentina,3,Chile,1,Partido amistoso
2,1910-05-29,Buenos Aires,Uruguay,3,Chile,0,Copa Centenario Revolución de Mayo
3,1910-06-05,Buenos Aires,Argentina,5,Chile,1,Copa Centenario Revolución de Mayo
4,1910-09-11,Viña del Mar,Chile,0,Argentina,3,Partido amistoso
5,1916-07-02,Buenos Aires,Uruguay,4,Chile,0,Campeonato Sudamericano 1916
6,1916-07-06,Buenos Aires,Argentina,6,Chile,1,Campeonato Sudamericano 1916
7,1916-07-08,Buenos Aires,Chile,1,Brasil,1,Campeonato Sudamericano 1916
8,1916-07-12,Buenos Aires,Argentina,1,Chile,0,Partido amistoso
9,1916-07-14,Montevideo,Uruguay,4,Chile,1,Partido amistoso
10,1917-09-30,Montevideo,Uruguay,4,Chile,0,Campeonato Sudamericano 1917
11,1917-10-06,Montevideo,Argentina,1,Chile,0,Campeonato Sudamericano 1917
12,1917-10-12,Montevideo,Brasil,5,Chile,0,Campeonato Sudamericano 1917
13,1917-10-21,Buenos Aires,Argentina,1,Chile,1,Partido amistoso
14,1919-05-11,Río de Janeiro,Brasil,6,Chile,0,Campeonato Sudamericano 1919
15,1919-05-17,Río de Janeiro,Uruguay,2,Chile,0,Campeonato Sudamericano 1919
16,1919-05-22,Río de Janeiro,Argentina,4,Chile,1,Campeonato Sudamericano 1919
17,1920-09-11,Viña del Mar,Chile,0,Brasil,1,Campeonato Sudamericano 1920
18,1920-09-20,Viña del Mar,Chile,1,Argentina,1,Campeonato Sudamericano 1920
19,1920-09-26,Viña del Mar,Chile,1,Uruguay,2,Campeonato Sudamericano 1920
20,1922-09-17,Río de Janeiro,Brasil,1,Chile,1,Campeonato Sudamericano 1922
21,1922-09-23,Río de Janeiro,Uruguay,2,Chile,0,Campeonato Sudamericano 1922
22,1922-09-28,Río de Janeiro,Argentina,4,Chile,0,Campeonato Sudamericano 1922
23,1922-10-05,Río de Janeiro,Paraguay,3,Chile,0,Campeonato Sudamericano 1922
24,1922-10-22,Buenos Aires,Argentina,1,Chile,0,Partido amistoso
25,1924-10-19,Montevideo,Uruguay,5,Chile,0,Campeonato Sudamericano 1924
26,1924-10-25,Montevideo,Argentina,2,Chile,0,Campeonato Sudamericano 1924
27,1924-11-01,Montevideo,Paraguay,3,Chile,1,Campeonato Sudamericano 1924
28,1926-10-12,Santiago,Chile,7,Bolivia,1,Campeonato Sudamericano 1926
29,1926-10-17,Santiago,Chile,1,Uruguay,3,Campeonato Sudamericano 1926
30,1926-10-31,Santiago,Chile,1,Argentina,1,Campeonato Sudamericano 1926
31,1926-11-03,Santiago,Chile,5,Paraguay,1,Campeonato Sudamericano 1926
32,1927-12-10,Viña del Mar,Chile,2,Uruguay,3,Partido amistoso
33,1928-05-27,Ámsterdam,Portugal,4,Chile,2,Juegos Olímpicos 1928
34,1928-06-05,Arnhem,Chile,3,México,1,Juegos Olímpicos 1928
35,1928-06-08,Róterdam,Países Bajos,2,Chile,2,Juegos Olímpicos 1928
36,1930-07-16,Montevideo,Chile,3,México,0,Copa del Mundo Uruguay 1930
37,1930-07-19,Montevideo,Chile,1,Francia,0,Copa del Mundo Uruguay 1930
38,1930-07-22,Montevideo,Argentina,3,Chile,1,Copa del Mundo Uruguay 1930
39,1935-01-06,Lima,Argentina,4,Chile,1,Campeonato Sudamericano 1935
40,1935-01-18,Lima,Uruguay,2,Chile,1,Campeonato Sudamericano 1935
41,1935-01-26,Lima,Perú,1,Chile,0,Campeonato Sudamericano 1935
42,1936-12-30,Buenos Aires,Argentina,2,Chile,1,Campeonato Sudamericano 1937
43,1937-01-03,Buenos Aires,Brasil,6,Chile,4,Campeonato Sudamericano 1937
44,1937-01-10,Buenos Aires,Chile,3,Uruguay,0,Campeonato Sudamericano 1937
45,1937-01-17,Buenos Aires,Paraguay,3,Chile,2,Campeonato Sudamericano 1937
46,1937-01-21,Buenos Aires,Perú,2,Chile,2,Campeonato Sudamericano 1937
47,1939-01-15,Lima,Paraguay,5,Chile,1,Campeonato Sudamericano 1939
48,1939-01-22,Lima,Perú,3,Chile,1,Campeonato Sudamericano 1939
49,1939-01-29,Lima,Uruguay,3,Chile,2,Campeonato Sudamericano 1939
50,1939-02-05,Lima,Chile,4,Ecuador,1,Campeonato Sudamericano 1939
51,1939-02-26,Santiago,Chile,4,Paraguay,2,Partido amistoso
52,1941-02-02,Santiago,Chile,5,Ecuador,0,Campeonato Sudamericano 1941
53,1941-02-09,Santiago,Chile,1,Perú,0,Campeonato Sudamericano 1941
54,1941-02-16,Santiago,Chile,0,Uruguay,2,Campeonato Sudamericano 1941
55,1941-03-04,Santiago,Chile,0,Argentina,1,Campeonato Sudamericano 1941
56,1942-01-10,Montevideo,Uruguay,6,Chile,1,Campeonato Sudamericano 1942
57,1942-01-14,Montevideo,Brasil,6,Chile,1,Campeonato Sudamericano 1942
58,1942-01-22,Montevideo,Paraguay,2,Chile,0,Campeonato Sudamericano 1942
59,1942-01-31,Montevideo,Argentina,0,Chile,0,Campeonato Sudamericano 1942
60,1942-02-05,Montevideo,Chile,2,Ecuador,1,Campeonato Sudamericano 1942
61,1942-02-07,Montevideo,Perú,0,Chile,0,Campeonato Sudamericano 1942
62,1945-01-14,Santiago,Chile,6,Ecuador,3,Campeonato Sudamericano 1945
63,1945-01-24,Santiago,Chile,5,Bolivia,0,Campeonato Sudamericano 1945
64,1945-01-31,Santiago,Chile,2,Colombia,0,Campeonato Sudamericano 1945
65,1945-02-11,Santiago,Chile,1,Argentina,1,Campeonato Sudamericano 1945
66,1945-02-18,Santiago,Chile,1,Uruguay,0,Campeonato Sudamericano 1945
67,1945-02-28,Santiago,Chile,0,Brasil,1,Campeonato Sudamericano 1945
68,1946-01-16,Buenos Aires,Uruguay,1,Chile,0,Campeonato Sudamericano 1946
69,1946-01-19,Buenos Aires,Chile,2,Paraguay,1,Campeonato Sudamericano 1946
70,1946-01-26,Buenos Aires,Argentina,3,Chile,1,Campeonato Sudamericano 1946
71,1946-02-03,Buenos Aires,Brasil,5,Chile,1,Campeonato Sudamericano 1946
72,1946-02-08,Buenos Aires,Chile,4,Bolivia,1,Campeonato Sudamericano 1946
73,1947-12-06,Guayaquil,Uruguay,6,Chile,0,Campeonato Sudamericano 1947
74,1947-12-09,Guayaquil,Chile,2,Perú,1,Campeonato Sudamericano 1947
75,1947-12-11,Guayaquil,Ecuador,0,Chile,3,Campeonato Sudamericano 1947
76,1947-12-16,Guayaquil,Argentina,1,Chile,1,Campeonato Sudamericano 1947
77,1947-12-23,Guayaquil,Paraguay,1,Chile,0,Campeonato Sudamericano 1947
78,1947-12-29,Guayaquil,Chile,4,Colombia,1,Campeonato Sudamericano 1947
79,1947-12-31,Guayaquil,Chile,4,Bolivia,3,Campeonato Sudamericano 1947
80,1949-04-06,São Paulo,Bolivia,3,Chile,2,Campeonato Sudamericano 1949
81,1949-04-13,São Paulo,Brasil,2,Chile,1,Campeonato Sudamericano 1949
82,1949-04-17,Río de Janeiro,Chile,1,Ecuador,0,Campeonato Sudamericano 1949
83,1949-04-20,Río de Janeiro,Chile,1,Colombia,1,Campeonato Sudamericano 1949
84,1949-04-27,São Paulo,Paraguay,4,Chile,2,Campeonato Sudamericano 1949
85,1949-04-30,São Paulo,Perú,3,Chile,0,Campeonato Sudamericano 1949
86,1949-05-08,Belo Horizonte,Chile,3,Uruguay,1,Campeonato Sudamericano 1949
87,1950-02-26,La Paz,Bolivia,2,Chile,0,Partido amistoso
88,1950-03-12,Santiago,Chile,5,Bolivia,0,Partido amistoso
89,1950-04-07,Santiago,Chile,1,Uruguay,5,Partido amistoso
90,1950-04-09,Santiago,Chile,2,Uruguay,1,Partido amistoso
91,1950-06-25,Río de Janeiro,Inglaterra,2,Chile,0,Copa del Mundo Brasil 1950
92,1950-06-29,Río de Janeiro,España,2,Chile,0,Copa del Mundo Brasil 1950
93,1950-07-02,Recife,Chile,5,Estados Unidos,2,Copa del Mundo Brasil 1950
94,1952-03-16,Santiago,Chile,6,Panamá,1,Campeonato Panamericano 1952
95,1952-03-26,Santiago,Chile,4,México,0,Campeonato Panamericano 1952
96,1952-04-02,Santiago,Chile,3,Perú,2,Campeonato Panamericano 1952
97,1952-04-13,Santiago,Chile,2,Uruguay,0,Campeonato Panamericano 1952
98,1952-04-20,Santiago,Chile,0,Brasil,3,Campeonato Panamericano 1952
99,1953-02-25,Lima,Paraguay,3,Chile,0,Campeonato Sudamericano 1953
100,1953-03-01,Lima,Chile,3,Uruguay,2,Campeonato Sudamericano 1953
101,1953-03-04,Lima,Perú,0,Chile,0,Campeonato Sudamericano 1953
102,1953-03-19,Lima,Chile,3,Ecuador,0,Campeonato Sudamericano 1953
103,1953-03-23,Lima,Brasil,3,Chile,2,Campeonato Sudamericano 1953
104,1953-03-28,Lima,Chile,2,Bolivia,2,Campeonato Sudamericano 1953
105,1953-05-24,Santiago,Chile,1,Inglaterra,2,Partido amistoso
106,1953-07-12,Santiago,Chile,1,España,2,Partido amistoso
107,1953-07-26,Lima,Perú,1,Chile,2,Copa del Pacífico 1953
108,1953-07-28,Lima,Perú,5,Chile,0,Copa del Pacífico 1953
109,1954-02-14,Asunción,Paraguay,4,Chile,0,Clasificatorias Suiza 1954
110,1954-02-21,Santiago,Chile,1,Paraguay,3,Clasificatorias Suiza 1954
111,1954-02-28,Santiago,Chile,0,Brasil,2,Clasificatorias Suiza 1954
112,1954-03-14,Río de Janeiro,Brasil,1,Chile,0,Clasificatorias Suiza 1954
113,1954-09-17,Santiago,Chile,2,Perú,1,Copa del Pacífico 1954
114,1954-09-19,Santiago,Chile,2,Perú,4,Copa del Pacífico 1954
115,1955-02-27,Santiago,Chile,7,Ecuador,1,Campeonato Sudamericano 1955
116,1955-03-06,Santiago,Chile,5,Perú,4,Campeonato Sudamericano 1955
117,1955-03-13,Santiago,Chile,2,Uruguay,2,Campeonato Sudamericano 1955
118,1955-03-20,Santiago,Chile,5,Paraguay,0,Campeonato Sudamericano 1955
119,1955-03-30,Santiago,Chile,0,Argentina,1,Campeonato Sudamericano 1955
120,1955-09-18,Río de Janeiro,Brasil,1,Chile,1,Copa O'Higgins 1955
121,1955-09-20,São Paulo,Brasil,2,Chile,1,Copa O'Higgins 1955
122,1956-01-24,Montevideo,Chile,4,Brasil,1,Campeonato Sudamericano 1956
123,1956-01-29,Montevideo,Argentina,2,Chile,0,Campeonato Sudamericano 1956
124,1956-02-06,Montevideo,Uruguay,2,Chile,1,Campeonato Sudamericano 1956
125,1956-02-09,Montevideo,Chile,4,Perú,3,Campeonato Sudamericano 1956
126,1956-02-12,Montevideo,Chile,2,Paraguay,0,Campeonato Sudamericano 1956
127,1956-03-01,Ciudad de México,Brasil,2,Chile,1,Campeonato Panamericano 1956
128,1956-03-08,Ciudad de México,Chile,1,Costa Rica,2,Campeonato Panamericano 1956
129,1956-03-11,Ciudad de México,Argentina,3,Chile,0,Campeonato Panamericano 1956
130,1956-03-15,Ciudad de México,Chile,2,Perú,2,Campeonato Panamericano 1956
131,1956-03-17,Ciudad de México,México,2,Chile,1,Campeonato Panamericano 1956
132,1956-08-26,Santiago,Chile,3,Checoslovaquia,0,Partido amistoso
133,1957-03-13,Lima,Brasil,4,Chile,2,Campeonato Sudamericano 1957
134,1957-03-16,Lima,Perú,1,Chile,0,Campeonato Sudamericano 1957
135,1957-03-21,Lima,Chile,3,Colombia,2,Campeonato Sudamericano 1957
136,1957-03-24,Lima,Chile,2,Ecuador,2,Campeonato Sudamericano 1957
137,1957-03-28,Lima,Argentina,6,Chile,2,Campeonato Sudamericano 1957
138,1957-04-01,Lima,Uruguay,2,Chile,0,Campeonato Sudamericano 1957
139,1957-09-15,Santiago,Chile,1,Brasil,0,Copa O'Higgins 1957
140,1957-09-18,Santiago,Chile,1,Brasil,1,Copa O'Higgins 1957
141,1957-09-22,Santiago,Chile,2,Bolivia,1,Clasificatorias Suecia 1958
142,1957-09-29,La Paz,Bolivia,3,Chile,0,Clasificatorias Suecia 1958
143,1957-10-13,Santiago,Chile,0,Argentina,2,Clasificatorias Suecia 1958
144,1957-10-20,Buenos Aires,Argentina,4,Chile,0,Clasificatorias Suecia 1958
145,1959-03-07,Buenos Aires,Argentina,6,Chile,1,Campeonato Sudamericano 1959
146,1959-03-11,Buenos Aires,Paraguay,2,Chile,1,Campeonato Sudamericano 1959
147,1959-03-15,Buenos Aires,Brasil,3,Chile,0,Campeonato Sudamericano 1959
148,1959-03-21,Buenos Aires,Chile,1,Perú,1,Campeonato Sudamericano 1959
149,1959-03-26,Buenos Aires,Chile,5,Bolivia,2,Campeonato Sudamericano 1959
150,1959-04-02,Buenos Aires,Chile,1,Uruguay,0,Campeonato Sudamericano 1959
151,1959-09-17,Río de Janeiro,Brasil,7,Chile,0,Copa O'Higgins 1959
152,1959-09-20,São Paulo,Brasil,1,Chile,0,Copa O'Higgins 1959
153,1959-11-18,Santiago,Chile,4,Argentina,2,Partido amistoso
154,1960-03-16,París,Francia,6,Chile,0,Partido amistoso
155,1960-03-23,Stuttgart,Alemania Federal,2,Chile,1,Partido amistoso
156,1960-03-30,Dublín,República de Irlanda,2,Chile,0,Partido amistoso
157,1960-04-06,Basilea,Suiza,4,Chile,2,Partido amistoso
158,1960-04-13,Bruselas,Bélgica,1,Chile,1,Partido amistoso
159,1960-06-01,Santiago,Chile,2,Uruguay,3,Partido amistoso
160,1960-06-05,Montevideo,Uruguay,2,Chile,2,Partido amistoso
161,1960-06-29,Río de Janeiro,Brasil,4,Chile,0,Partido amistoso
162,1960-07-14,Santiago,Chile,0,España,4,Partido amistoso
163,1960-07-17,Santiago,Chile,1,España,4,Partido amistoso
164,1960-12-21,Santiago,Chile,3,Paraguay,1,Partido amistoso
165,1961-03-19,Santiago,Chile,5,Perú,2,Partido amistoso
166,1961-03-26,Santiago,Chile,3,Alemania Federal,1,Partido amistoso
167,1961-05-07,Santiago,Chile,1,Brasil,2,Copa O'Higgins 1961
168,1961-05-11,Santiago,Chile,0,Brasil,1,Copa O'Higgins 1961
169,1961-10-12,Santiago,Chile,2,Uruguay,3,Partido amistoso
170,1961-11-22,Santiago,Chile,0,Unión Soviética,1,Partido amistoso
171,1961-12-09,Santiago,Chile,5,Hungría,1,Partido amistoso
172,1961-12-13,Santiago,Chile,0,Hungría,0,Partido amistoso
173,1962-05-30,Santiago,Chile,3,Suiza,1,Copa del Mundo Chile 1962
174,1962-06-02,Santiago,Chile,2,Italia,0,Copa del Mundo Chile 1962
175,1962-06-06,Santiago,Alemania Federal,2,Chile,0,Copa del Mundo Chile 1962
176,1962-06-10,Arica,Chile,2,Unión Soviética,1,Copa del Mundo Chile 1962
177,1962-06-13,Santiago,Brasil,4,Chile,2,Copa del Mundo Chile 1962
178,1962-06-16,Santiago,Chile,1,Yugoslavia,0,Copa del Mundo Chile 1962
179,1962-11-07,Santiago,Chile,1,Argentina,1,Copa Carlos Dittborn 1962
180,1962-11-21,Buenos Aires,Argentina,1,Chile,0,Copa Carlos Dittborn 1962
181,1963-03-23,Montevideo,Uruguay,3,Chile,2,Copa Juan Pinto Durán 1963
182,1963-07-24,Santiago,Chile,0,Uruguay,0,Copa Juan Pinto Durán 1963
183,1964-09-24,Buenos Aires,Argentina,5,Chile,0,Copa Carlos Dittborn 1964
184,1964-10-14,Santiago,Chile,1,Argentina,1,Copa Carlos Dittborn 1964
185,1965-04-15,Santiago,Chile,4,Perú,1,Copa del Pacífico 1965
186,1965-04-28,Lima,Perú,0,Chile,1,Copa del Pacífico 1965
187,1965-05-09,Santiago,Chile,0,Uruguay,0,Copa Juan Pinto Durán 1965
188,1965-05-16,Montevideo,Uruguay,1,Chile,1,Copa Juan Pinto Durán 1965
189,1965-07-14,Buenos Aires,Argentina,1,Chile,0,Copa Carlos Dittborn 1965
190,1965-07-21,Santiago,Chile,1,Argentina,1,Copa Carlos Dittborn 1965
191,1965-08-01,Santiago,Chile,7,Colombia,2,Clasificatorias Inglaterra 1966
192,1965-08-07,Barranquilla,Colombia,2,Chile,0,Clasificatorias Inglaterra 1966
193,1965-08-15,Guayaquil,Ecuador,2,Chile,2,Clasificatorias Inglaterra 1966
194,1965-08-22,Santiago,Chile,3,Ecuador,1,Clasificatorias Inglaterra 1966
195,1965-10-12,Lima,Chile,2,Ecuador,1,Clasificatorias Inglaterra 1966
196,1966-02-23,Santiago,Chile,0,Unión Soviética,2,Partido amistoso
197,1966-04-17,Santiago,Chile,0,Brasil,1,Copa O'Higgins 1966
198,1966-04-20,Viña del Mar,Chile,2,Brasil,1,Copa O'Higgins 1966
199,1966-05-11,Ciudad de México,México,1,Chile,0,Cuadrangular Ciudad de México
200,1966-05-15,São Paulo,Brasil,1,Chile,1,Partido amistoso
201,1966-05-19,Río de Janeiro,Brasil,1,Chile,0,Partido amistoso
202,1966-05-22,Santiago,Chile,2,Gales,0,Partido amistoso
203,1966-05-29,Santiago,Chile,0,México,1,Pentagonal de Santiago 1966
204,1966-07-02,Leipzig,Alemania Democrática,5,Chile,2,Partido amistoso
205,1966-07-13,Sunderland,Italia,2,Chile,0,Copa del Mundo Inglaterra 1966
206,1966-07-15,Middlesbrough,Corea del Norte,1,Chile,1,Copa del Mundo Inglaterra 1966
207,1966-07-20,Sunderland,Unión Soviética,2,Chile,1,Copa del Mundo Inglaterra 1966
208,1966-11-30,Santiago,Chile,5,Colombia,2,Campeonato Sudamericano 1967
209,1966-12-11,Bogotá,Colombia,0,Chile,0,Campeonato Sudamericano 1967
210,1967-01-18,Montevideo,Chile,2,Venezuela,0,Campeonato Sudamericano 1967
211,1967-01-22,Montevideo,Chile,4,Paraguay,2,Campeonato Sudamericano 1967
212,1967-01-26,Montevideo,Uruguay,2,Chile,2,Campeonato Sudamericano 1967
213,1967-01-28,Montevideo,Argentina,2,Chile,0,Campeonato Sudamericano 1967
214,1967-02-01,Montevideo,Bolivia,0,Chile,0,Campeonato Sudamericano 1967
215,1967-08-15,Santiago,Chile,1,Argentina,0,Partido amistoso
216,1967-09-19,Santiago,Chile,0,Brasil,1,Partido amistoso
217,1967-11-08,Santiago,Chile,3,Argentina,1,Partido amistoso
218,1967-12-13,Santiago,Chile,4,Hungría,5,Partido amistoso
219,1967-12-16,Santiago,Chile,1,Unión Soviética,4,Partido amistoso
220,1968-08-18,Lima,Perú,1,Chile,2,Copa del Pacífico 1968
221,1968-08-21,Lima,Perú,0,Chile,0,Copa del Pacífico 1968
222,1968-08-28,Ciudad de México,México,3,Chile,1,Partido amistoso
223,1968-10-23,Santiago,Chile,3,México,1,Partido amistoso
224,1968-11-27,Rosario,Argentina,4,Chile,0,Copa Carlos Dittborn 1968
225,1968-12-04,Santiago,Chile,2,Argentina,1,Copa Carlos Dittborn 1968
226,1968-12-18,Santiago,Chile,2,Alemania Federal,1,Partido amistoso
227,1969-05-28,Santiago,Chile,1,Argentina,1,Partido amistoso
228,1969-06-08,Asunción,Paraguay,0,Chile,1,Partido amistoso
229,1969-06-11,La Plata,Argentina,2,Chile,1,Partido amistoso
230,1969-06-15,Bogotá,Colombia,3,Chile,3,Partido amistoso
231,1969-06-22,Magdeburgo,Alemania Democrática,0,Chile,1,Partido amistoso
232,1969-06-25,Halle,Alemania Democrática,2,Chile,1,Partido amistoso
233,1969-07-06,Santiago,Chile,0,Paraguay,0,Partido amistoso
234,1969-07-13,Santiago,Chile,0,Uruguay,0,Clasificatorias México 1970
235,1969-07-27,Santiago,Chile,4,Ecuador,1,Clasificatorias México 1970
236,1969-08-03,Guayaquil,Ecuador,1,Chile,1,Clasificatorias México 1970
237,1969-08-10,Montevideo,Uruguay,2,Chile,0,Clasificatorias México 1970
238,1970-03-22,São Paulo,Brasil,5,Chile,0,Partido amistoso
239,1970-03-26,Río de Janeiro,Brasil,2,Chile,1,Partido amistoso
240,1970-10-04,Santiago,Chile,1,Brasil,5,Partido amistoso
241,1971-07-14,Santiago,Chile,3,Paraguay,2,Partido amistoso
242,1971-07-21,Santiago,Chile,2,Argentina,2,Copa Carlos Dittborn 1971
243,1971-08-04,Buenos Aires,Argentina,1,Chile,0,Copa Carlos Dittborn 1971
244,1971-08-08,Asunción,Paraguay,2,Chile,0,Partido amistoso
245,1971-08-11,Lima,Perú,1,Chile,0,Copa del Pacífico 1971
246,1971-08-15,La Paz,Bolivia,3,Chile,4,Partido amistoso
247,1971-08-18,Santiago,Chile,1,Perú,0,Copa del Pacífico 1971
248,1971-10-27,Montevideo,Uruguay,3,Chile,0,Copa Juan Pinto Durán 1971
249,1971-11-03,Santiago,Chile,5,Uruguay,0,Copa Juan Pinto Durán 1971
250,1972-01-26,Guadalajara,México,2,Chile,0,Partido amistoso
251,1972-02-09,Puerto Príncipe,Haití,1,Chile,0,Partido amistoso
252,1972-05-31,Santiago,Chile,3,Argentina,4,Copa Carlos Dittborn 1972
253,1972-06-14,Natal,Chile,2,Ecuador,1,Taça Independência
254,1972-06-18,Recife,Portugal,4,Chile,1,Taça Independência
255,1972-06-21,Recife,República de Irlanda,1,Chile,2,Taça Independência
256,1972-06-25,Recife,Chile,2,Irán,1,Taça Independência
257,1972-08-16,Santiago,Chile,0,México,2,Partido amistoso
258,1972-09-27,Buenos Aires,Argentina,2,Chile,0,Copa Carlos Dittborn 1972
259,1973-04-14,Puerto Príncipe,Haití,1,Chile,1,Partido amistoso
260,1973-04-24,Guayaquil,Ecuador,1,Chile,1,Partido amistoso
261,1973-04-29,Lima,Perú,2,Chile,0,Clasificatorias Alemania 1974
262,1973-05-13,Santiago,Chile,2,Perú,0,Clasificatorias Alemania 1974
263,1973-07-13,Buenos Aires,Argentina,5,Chile,4,Copa Carlos Dittborn 1973
264,1973-07-18,Santiago,Chile,3,Argentina,1,Copa Carlos Dittborn 1973
265,1973-07-24,Santiago,Chile,3,Bolivia,0,Copa Leoncio Provoste
266,1973-08-05,Montevideo,Chile,2,Perú,1,Clasificatorias Alemania 1974
267,1973-09-20,Ciudad de México,México,1,Chile,2,Partido amistoso
268,1973-09-26,Moscú,Unión Soviética,0,Chile,0,Clasificatorias Alemania 1974
269,1973-11-21,Santiago,Chile,2,Unión Soviética,0,Clasificatorias Alemania 1974
270,1974-04-24,Puerto Príncipe,Haití,0,Chile,1,Partido amistoso
271,1974-04-26,Puerto Príncipe,Haití,0,Chile,0,Partido amistoso
272,1974-05-12,Santiago,Chile,1,República de Irlanda,2,Partido amistoso
273,1974-06-14,Berlín Occidental,Alemania Federal,1,Chile,0,Copa del Mundo Alemania 1974
274,1974-06-18,Berlín Occidental,Chile,1,Alemania Democrática,1,Copa del Mundo Alemania 1974
275,1974-06-22,Berlín Occidental,Australia,0,Chile,0,Copa del Mundo Alemania 1974
276,1974-11-06,Santiago,Chile,0,Argentina,2,Copa Carlos Dittborn 1974
277,1974-11-20,Buenos Aires,Argentina,1,Chile,1,Copa Carlos Dittborn 1974
278,1974-12-22,Santiago,Chile,1,Paraguay,0,Copa Acosta Ñu
279,1975-06-04,Montevideo,Uruguay,1,Chile,0,Copa Juan Pinto Durán 1975
280,1975-06-25,Santiago,Chile,1,Uruguay,3,Copa Juan Pinto Durán 1975
281,1975-07-17,Santiago,Chile,1,Perú,1,Copa América 1975
282,1975-07-20,Oruro,Bolivia,2,Chile,1,Copa América 1975
283,1975-08-13,Santiago,Chile,4,Bolivia,0,Copa América 1975
284,1975-08-20,Lima,Perú,3,Chile,1,Copa América 1975
285,1976-10-06,Santiago,Chile,0,Uruguay,0,Copa Juan Pinto Durán 1976/1977
286,1976-10-13,Buenos Aires,Argentina,2,Chile,0,Copa Carlos Dittborn 1976
287,1977-01-26,Santiago,Chile,4,Paraguay,0,Partido amistoso
288,1977-01-30,Montevideo,Uruguay,3,Chile,0,Copa Juan Pinto Durán 1976/1977
289,1977-02-02,Asunción,Paraguay,2,Chile,0,Partido amistoso
290,1977-02-27,Guayaquil,Ecuador,0,Chile,1,Clasificatorias Argentina 1978
291,1977-03-06,Santiago,Chile,1,Perú,1,Clasificatorias Argentina 1978
292,1977-03-20,Santiago,Chile,3,Ecuador,0,Clasificatorias Argentina 1978
293,1977-03-26,Lima,Perú,2,Chile,0,Clasificatorias Argentina 1978
294,1977-06-15,Santiago,Chile,2,Escocia,4,Partido amistoso
295,1979-06-13,Santiago,Chile,0,Ecuador,0,Partido amistoso
296,1979-06-21,Guayaquil,Ecuador,2,Chile,1,Partido amistoso
297,1979-07-11,Santiago,Chile,1,Uruguay,0,Copa Juan Pinto Durán 1979
298,1979-07-18,Montevideo,Uruguay,2,Chile,1,Copa Juan Pinto Durán 1979
299,1979-08-08,San Cristóbal,Venezuela,1,Chile,1,Copa América 1979
300,1979-08-15,Bogotá,Colombia,1,Chile,0,Copa América 1979
301,1979-08-29,Santiago,Chile,7,Venezuela,0,Copa América 1979
302,1979-09-05,Santiago,Chile,2,Colombia,0,Copa América 1979
303,1979-10-17,Lima,Perú,1,Chile,2,Copa América 1979
304,1979-10-24,Santiago,Chile,0,Perú,0,Copa América 1979
305,1979-11-28,Asunción,Paraguay,3,Chile,0,Copa América 1979
306,1979-12-05,Santiago,Chile,1,Paraguay,0,Copa América 1979
307,1979-12-11,Buenos Aires,Paraguay,0,Chile,0,Copa América 1979
308,1980-06-24,Belo Horizonte,Brasil,2,Chile,1,Partido amistoso
309,1980-08-21,Montevideo,Uruguay,0,Chile,0,Partido amistoso
310,1980-09-18,Mendoza,Argentina,2,Chile,2,Partido amistoso
311,1981-03-10,Santiago,Chile,1,Colombia,0,Partido amistoso
312,1981-03-14,Ribeirão Preto,Brasil,2,Chile,1,Partido amistoso
313,1981-03-19,Bogotá,Colombia,1,Chile,2,Partido amistoso
314,1981-04-19,Santiago,Chile,3,Perú,0,Partido amistoso
315,1981-04-29,Santiago,Chile,1,Uruguay,2,Copa Juan Pinto Durán 1981
316,1981-05-24,Guayaquil,Ecuador,0,Chile,0,Clasificatorias España 1982
317,1981-06-07,Asunción,Paraguay,0,Chile,1,Clasificatorias España 1982
318,1981-06-14,Santiago,Chile,2,Ecuador,0,Clasificatorias España 1982
319,1981-06-21,Santiago,Chile,3,Paraguay,0,Clasificatorias España 1982
320,1981-07-05,Santiago,Chile,1,España,1,Partido amistoso
321,1981-07-15,Montevideo,Uruguay,0,Chile,0,Copa Juan Pinto Durán 1981
322,1981-08-05,Lima,Perú,1,Chile,2,Partido amistoso
323,1981-08-26,Santiago,Chile,0,Brasil,0,Partido amistoso
324,1982-03-23,Santiago,Chile,2,Perú,1,Partido amistoso
325,1982-03-30,Lima,Perú,1,Chile,0,Copa del Pacífico 1982
326,1982-05-18,Santiago,Chile,2,Rumania,3,Partido amistoso
327,1982-05-21,Santiago,Chile,1,República de Irlanda,0,Partido amistoso
328,1982-06-17,Oviedo,Chile,0,Austria,1,Copa del Mundo España 1982
329,1982-06-20,Gijón,Alemania Federal,4,Chile,1,Copa del Mundo España 1982
330,1982-06-24,Oviedo,Argelia,3,Chile,2,Copa del Mundo España 1982
331,1983-04-28,Río de Janeiro,Brasil,3,Chile,2,Partido amistoso
332,1983-05-12,Santiago,Chile,2,Argentina,2,Partido amistoso
333,1983-06-23,Buenos Aires,Argentina,1,Chile,0,Partido amistoso
334,1983-07-14,Bogotá,Colombia,2,Chile,2,Partido amistoso
335,1983-07-19,La Paz,Bolivia,1,Chile,2,Partido amistoso
336,1983-07-21,Lima,Perú,0,Chile,1,Copa del Pacífico 1983
337,1983-07-24,Asunción,Paraguay,1,Chile,0,Partido amistoso
338,1983-07-28,Santiago,Chile,0,Brasil,0,Partido amistoso
339,1983-08-03,Arica,Chile,2,Perú,0,Copa del Pacífico 1983
340,1983-08-17,Antofagasta,Chile,3,Paraguay,2,Partido amistoso
341,1983-08-24,Arica,Chile,4,Bolivia,2,Partido amistoso
342,1983-09-01,Montevideo,Uruguay,2,Chile,1,Copa América 1983
343,1983-09-08,Santiago,Chile,5,Venezuela,0,Copa América 1983
344,1983-09-11,Santiago,Chile,2,Uruguay,0,Copa América 1983
345,1983-09-21,Caracas,Venezuela,0,Chile,0,Copa América 1983
346,1984-06-17,Santiago,Chile,0,Inglaterra,0,Partido amistoso
347,1984-10-28,Santiago,Chile,1,México,0,Partido amistoso
348,1985-02-06,Viña del Mar,Chile,1,Paraguay,0,Partido amistoso
349,1985-02-08,Viña del Mar,Chile,2,Finlandia,0,Partido amistoso
350,1985-02-21,Santiago,Chile,1,Colombia,1,Partido amistoso
351,1985-02-24,Santiago,Chile,1,Perú,2,Partido amistoso
352,1985-03-03,Quito,Ecuador,1,Chile,1,Clasificatorias México 1986
353,1985-03-09,Lima,Perú,1,Chile,1,Partido amistoso
354,1985-03-17,Santiago,Chile,6,Ecuador,2,Clasificatorias México 1986
355,1985-03-24,Santiago,Chile,2,Uruguay,0,Clasificatorias México 1986
356,1985-04-07,Montevideo,Uruguay,2,Chile,1,Clasificatorias México 1986
357,1985-05-14,Buenos Aires,Argentina,2,Chile,0,Partido amistoso
358,1985-05-21,Santiago,Chile,2,Brasil,1,Partido amistoso
359,1985-06-08,Porto Alegre,Brasil,3,Chile,1,Partido amistoso
360,1985-10-09,Asunción,Paraguay,0,Chile,0,Partido amistoso
361,1985-10-17,Santiago,Chile,1,Uruguay,0,Partido amistoso
362,1985-10-19,Santiago,Chile,0,Paraguay,0,Partido amistoso
363,1985-10-27,Santiago,Chile,4,Perú,2,Clasificatorias México 1986
364,1985-11-03,Lima,Perú,0,Chile,1,Clasificatorias México 1986
365,1985-11-10,Asunción,Paraguay,3,Chile,0,Clasificatorias México 1986
366,1985-11-17,Santiago,Chile,2,Paraguay,2,Clasificatorias México 1986
367,1986-05-07,Curitiba,Brasil,1,Chile,1,Partido amistoso
368,1987-06-19,Lima,Perú,1,Chile,3,Partido amistoso
369,1987-06-21,Lima,Perú,2,Chile,0,Partido amistoso
370,1987-06-24,Santiago,Chile,1,Perú,0,Partido amistoso
371,1987-06-30,Córdoba,Venezuela,1,Chile,3,Copa América 1987
372,1987-07-03,Córdoba,Chile,4,Brasil,0,Copa América 1987
373,1987-07-08,Córdoba,Chile,2,Colombia,1,Copa América 1987
374,1987-07-12,Buenos Aires,Chile,0,Uruguay,1,Copa América 1987
375,1987-12-09,Uberlândia,Brasil,2,Chile,1,Partido amistoso
376,1988-05-23,Toronto,Chile,0,Grecia,1,Sir Stanley Matthews Cup
377,1988-05-25,Toronto,Canadá,1,Chile,0,Sir Stanley Matthews Cup
378,1988-06-01,Stockton,Estados Unidos,1,Chile,1,Partido amistoso
379,1988-06-03,San Diego,Estados Unidos,1,Chile,3,Partido amistoso
380,1988-06-05,Fresno,Estados Unidos,0,Chile,3,Partido amistoso
381,1988-09-13,La Serena,Chile,3,Ecuador,1,Partido amistoso
382,1988-09-27,Asunción,Paraguay,2,Chile,0,Copa Boquerón
383,1988-09-29,Asunción,Ecuador,0,Chile,0,Copa Boquerón
384,1988-10-25,Arica,Chile,2,Perú,0,Copa del Pacífico 1988
385,1988-11-01,Concepción,Chile,1,Uruguay,1,Copa Juan Pinto Durán 1988
386,1988-11-09,Montevideo,Uruguay,3,Chile,1,Copa Juan Pinto Durán 1988
387,1988-11-23,Lima,Perú,1,Chile,1,Copa del Pacífico 1988
388,1989-01-29,Guayaquil,Ecuador,1,Chile,0,Partido amistoso
389,1989-02-01,Armenia,Perú,0,Chile,0,Copa Centenario de Armenia
390,1989-02-05,Armenia,Colombia,1,Chile,0,Copa Centenario de Armenia
391,1989-04-20,Santiago,Chile,1,Argentina,1,Partido amistoso
392,1989-05-05,Los Ángeles,Guatemala,0,Chile,1,Four Nations Tournament
393,1989-05-07,Los Ángeles,El Salvador,0,Chile,1,Four Nations Tournament
394,1989-05-23,Londres,Inglaterra,0,Chile,0,1989 Rous Cup
395,1989-05-26,Belfast,Irlanda del Norte,0,Chile,1,Partido amistoso
396,1989-05-30,Glasgow,Escocia,2,Chile,0,1989 Rous Cup
397,1989-06-03,El Cairo,Egipto,2,Chile,0,Partido amistoso
398,1989-06-19,Montevideo,Uruguay,2,Chile,2,Partido amistoso
399,1989-06-22,Santa Cruz,Bolivia,0,Chile,1,Partido amistoso
400,1989-06-27,Santiago,Chile,2,Bolivia,1,Partido amistoso
401,1989-07-02,Goiânia,Argentina,1,Chile,0,Copa América 1989
402,1989-07-06,Goiânia,Chile,0,Uruguay,3,Copa América 1989
403,1989-07-08,Goiânia,Bolivia,0,Chile,5,Copa América 1989
404,1989-07-10,Goiânia,Chile,2,Ecuador,1,Copa América 1989
405,1989-07-25,Arica,Chile,2,Perú,1,Partido amistoso
406,1989-08-06,Caracas,Venezuela,1,Chile,3,Clasificatorias Italia 1990
407,1989-08-13,Santiago,Chile,1,Brasil,1,Clasificatorias Italia 1990
408,1989-08-27,Mendoza,Chile,5,Venezuela,0,Clasificatorias Italia 1990
409,1989-09-03,Río de Janeiro,Brasil,2,Chile,0,Clasificatorias Italia 1990
410,1990-10-17,Santiago,Chile,0,Brasil,0,Copa Expedito Teixeira
411,1990-11-08,Belém,Brasil,0,Chile,0,Copa Expedito Teixeira
412,1991-04-09,Veracruz,México,1,Chile,0,Partido amistoso
413,1991-05-22,Dublín,República de Irlanda,1,Chile,1,Partido amistoso
414,1991-05-30,Santiago,Chile,2,Uruguay,1,Partido amistoso
415,1991-06-19,Guayaquil,Ecuador,2,Chile,1,Partido amistoso
416,1991-06-26,Montevideo,Uruguay,2,Chile,1,Partido amistoso
417,1991-06-30,Santiago,Chile,3,Ecuador,1,Partido amistoso
418,1991-07-06,Santiago,Chile,2,Venezuela,0,Copa América 1991
419,1991-07-08,Concepción,Chile,4,Perú,2,Copa América 1991
420,1991-07-10,Santiago,Chile,0,Argentina,1,Copa América 1991
421,1991-07-14,Santiago,Chile,4,Paraguay,0,Copa América 1991
422,1991-07-17,Santiago,Chile,1,Colombia,1,Copa América 1991
423,1991-07-19,Santiago,Chile,0,Argentina,0,Copa América 1991
424,1991-07-21,Santiago,Chile,0,Brasil,2,Copa América 1991
425,1993-03-31,Arica,Chile,2,Bolivia,1,Partido amistoso
426,1993-05-30,Santiago,Chile,1,Colombia,1,Partido amistoso
427,1993-06-06,Bogotá,Colombia,1,Chile,0,Partido amistoso
428,1993-06-09,Quito,Ecuador,1,Chile,2,Partido amistoso
429,1993-06-13,La Paz,Bolivia,1,Chile,3,Partido amistoso
430,1993-06-18,Cuenca,Paraguay,1,Chile,0,Copa América 1993
431,1993-06-21,Cuenca,Brasil,2,Chile,3,Copa América 1993
432,1993-06-24,Cuenca,Chile,0,Perú,1,Copa América 1993
433,1993-09-08,Alicante,España,2,Chile,0,Partido amistoso
434,1994-03-22,Lyon,Francia,3,Chile,1,Partido amistoso
435,1994-03-26,Riad,Arabia Saudita,0,Chile,2,Partido amistoso
436,1994-03-29,Riad,Arabia Saudita,2,Chile,2,Partido amistoso
437,1994-04-30,Albuquerque,Estados Unidos,0,Chile,2,Partido amistoso
438,1994-05-18,Santiago,Chile,3,Argentina,3,Partido amistoso
439,1994-05-25,Santiago,Chile,2,Perú,1,Partido amistoso
440,1994-09-21,Santiago,Chile,1,Bolivia,2,Partido amistoso
441,1994-11-16,Santiago,Chile,0,Argentina,3,Partido amistoso
442,1995-03-29,Los Ángeles,México,1,Chile,2,Partido amistoso
443,1995-04-19,Lima,Perú,6,Chile,0,Partido amistoso
444,1995-04-22,Temuco,Chile,1,Islandia,1,Partido amistoso
445,1995-05-25,Edmonton,Chile,2,Irlanda del Norte,1,1995 Canada Cup
446,1995-05-28,Edmonton,Canadá,1,Chile,2,1995 Canada Cup
447,1995-06-16,Antofagasta,Chile,3,Nueva Zelanda,1,Copa Centenario del Fútbol Chileno
448,1995-06-19,La Serena,Chile,0,Paraguay,1,Copa Centenario del Fútbol Chileno
449,1995-06-22,Santiago,Chile,0,Turquía,0,Copa Centenario del Fútbol Chileno
450,1995-07-08,Paysandú,Estados Unidos,2,Chile,1,Copa América 1995
451,1995-07-11,Paysandú,Argentina,4,Chile,0,Copa América 1995
452,1995-07-14,Paysandú,Chile,2,Bolivia,2,Copa América 1995
453,1995-10-11,Concepción,Chile,2,Canadá,0,Partido amistoso
454,1996-02-04,Cochabamba,Bolivia,1,Chile,1,Partido amistoso
455,1996-02-07,Viña del Mar,Chile,2,México,1,Partido amistoso
456,1996-02-14,Coquimbo,Chile,4,Perú,0,Partido amistoso
457,1996-04-23,Antofagasta,Chile,3,Australia,0,Partido amistoso
458,1996-05-26,Santiago,Chile,2,Bolivia,0,Partido amistoso
459,1996-06-02,Barinas,Venezuela,1,Chile,1,Clasificatorias Francia 1998
460,1996-07-06,Santiago,Chile,4,Ecuador,1,Clasificatorias Francia 1998
461,1996-08-25,Liberia,Costa Rica,1,Chile,1,Partido amistoso
462,1996-09-01,Barranquilla,Colombia,4,Chile,1,Clasificatorias Francia 1998
463,1996-10-09,Asunción,Paraguay,2,Chile,1,Clasificatorias Francia 1998
464,1996-11-12,Santiago,Chile,1,Uruguay,0,Clasificatorias Francia 1998
465,1996-12-15,Buenos Aires,Argentina,1,Chile,1,Clasificatorias Francia 1998
466,1997-01-04,Viña del Mar,Chile,7,Armenia,0,Partido amistoso
467,1997-01-12,Lima,Perú,2,Chile,1,Clasificatorias Francia 1998
468,1997-02-12,La Paz,Bolivia,1,Chile,1,Clasificatorias Francia 1998
469,1997-04-02,Brasilia,Brasil,4,Chile,0,Partido amistoso
470,1997-04-29,Santiago,Chile,6,Venezuela,0,Clasificatorias Francia 1998
471,1997-06-08,Quito,Ecuador,1,Chile,1,Clasificatorias Francia 1998
472,1997-06-11,Cochabamba,Chile,0,Paraguay,1,Copa América 1997
473,1997-06-14,Cochabamba,Argentina,2,Chile,0,Copa América 1997
474,1997-06-17,Cochabamba,Chile,1,Ecuador,2,Copa América 1997
475,1997-07-05,Santiago,Chile,4,Colombia,1,Clasificatorias Francia 1998
476,1997-07-20,Santiago,Chile,2,Paraguay,1,Clasificatorias Francia 1998
477,1997-08-20,Montevideo,Uruguay,1,Chile,0,Clasificatorias Francia 1998
478,1997-09-10,Santiago,Chile,1,Argentina,2,Clasificatorias Francia 1998
479,1997-10-12,Santiago,Chile,4,Perú,0,Clasificatorias Francia 1998
480,1997-11-07,Antofagasta,Chile,4,Guatemala,1,Partido amistoso
481,1997-11-16,Santiago,Chile,3,Bolivia,0,Clasificatorias Francia 1998
482,1998-01-31,So Kon Po,Irán,1,Chile,1,1998 Carlsberg Cup
483,1998-02-04,Auckland,Nueva Zelanda,0,Chile,0,Partido amistoso
484,1998-02-07,Melbourne,Australia,0,Chile,1,Partido amistoso
485,1998-02-11,Londres,Inglaterra,0,Chile,2,Partido amistoso
486,1998-04-22,Santiago,Chile,2,Colombia,2,Partido amistoso
487,1998-04-29,Santiago,Chile,1,Lituania,0,Partido amistoso
488,1998-05-19,Mendoza,Argentina,1,Chile,0,Partido amistoso
489,1998-05-24,Santiago,Chile,2,Uruguay,2,Partido amistoso
490,1998-05-31,Montélimar,Túnez,2,Chile,3,Partido amistoso
491,1998-06-04,Aviñón,Marruecos,1,Chile,1,Partido amistoso
492,1998-06-11,Burdeos,Italia,2,Chile,2,Copa del Mundo Francia 1998
493,1998-06-17,Saint-Étienne,Chile,1,Austria,1,Copa del Mundo Francia 1998
494,1998-06-23,Nantes,Chile,1,Camerún,1,Copa del Mundo Francia 1998
495,1998-06-27,París,Brasil,4,Chile,1,Copa del Mundo Francia 1998
496,1999-02-17,Ciudad de Guatemala,Guatemala,1,Chile,1,Partido amistoso
497,1999-02-21,Fort Lauderdale,Estados Unidos,2,Chile,1,Partido amistoso
498,1999-04-28,Cochabamba,Bolivia,1,Chile,1,Partido amistoso
499,1999-05-29,Concepción,Chile,3,Costa Rica,0,Partido amistoso
500,1999-06-20,Santiago,Chile,1,Bolivia,0,Partido amistoso
501,1999-06-23,Santiago,Chile,0,Ecuador,0,Partido amistoso
502,1999-06-30,Ciudad del Este,Chile,0,México,1,Copa América 1999
503,1999-07-03,Ciudad del Este,Chile,3,Venezuela,0,Copa América 1999
504,1999-07-06,Ciudad del Este,Brasil,1,Chile,0,Copa América 1999
505,1999-07-11,Luque,Colombia,2,Chile,3,Copa América 1999
506,1999-07-13,Asunción,Uruguay,1,Chile,1,Copa América 1999
507,1999-07-17,Asunción,Chile,1,México,2,Copa América 1999
508,2000-01-29,Coquimbo,Chile,1,Estados Unidos,2,Partido amistoso
509,2000-02-02,San José,Costa Rica,1,Chile,0,Partido amistoso
510,2000-02-05,Ciudad de Guatemala,Guatemala,2,Chile,1,Partido amistoso
511,2000-02-09,Valparaíso,Chile,2,Australia,1,Copa Ciudad de Valparaíso
512,2000-02-12,Valparaíso,Chile,3,Bulgaria,2,Copa Ciudad de Valparaíso
513,2000-02-15,Valparaíso,Chile,0,Eslovaquia,2,Copa Ciudad de Valparaíso
514,2000-03-22,Santiago,Chile,5,Honduras,2,Partido amistoso
515,2000-03-29,Buenos Aires,Argentina,4,Chile,1,Clasificatorias Corea/Japón 2002
516,2000-04-26,Santiago,Chile,1,Perú,1,Clasificatorias Corea/Japón 2002
517,2000-06-03,Montevideo,Uruguay,2,Chile,1,Clasificatorias Corea/Japón 2002
518,2000-06-29,Santiago,Chile,3,Paraguay,1,Clasificatorias Corea/Japón 2002
519,2000-07-19,La Paz,Bolivia,1,Chile,0,Clasificatorias Corea/Japón 2002
520,2000-07-25,San Cristóbal,Venezuela,0,Chile,2,Clasificatorias Corea/Japón 2002
521,2000-08-15,Santiago,Chile,3,Brasil,0,Clasificatorias Corea/Japón 2002
522,2000-09-02,Santiago,Chile,0,Colombia,1,Clasificatorias Corea/Japón 2002
523,2000-10-08,Quito,Ecuador,1,Chile,0,Clasificatorias Corea/Japón 2002
524,2000-11-15,Santiago,Chile,0,Argentina,2,Clasificatorias Corea/Japón 2002
525,2001-03-21,San Pedro Sula,Honduras,3,Chile,1,Partido amistoso
526,2001-03-27,Lima,Perú,3,Chile,1,Clasificatorias Corea/Japón 2002
527,2001-04-11,Monterrey,México,1,Chile,0,Partido amistoso
528,2001-04-24,Santiago,Chile,0,Uruguay,1,Clasificatorias Corea/Japón 2002
529,2001-06-02,Asunción,Paraguay,1,Chile,0,Clasificatorias Corea/Japón 2002
530,2001-07-11,Barranquilla,Ecuador,1,Chile,4,Copa América 2001
531,2001-07-14,Barranquilla,Chile,1,Venezuela,0,Copa América 2001
532,2001-07-17,Barranquilla,Colombia,2,Chile,0,Copa América 2001
533,2001-07-22,Pereira,Chile,0,México,2,Copa América 2001
534,2001-08-14,Santiago,Chile,2,Bolivia,2,Clasificatorias Corea/Japón 2002
535,2001-09-01,Santiago,Chile,2,Francia,1,Partido amistoso
536,2001-09-04,Santiago,Chile,0,Venezuela,2,Clasificatorias Corea/Japón 2002
537,2001-10-07,Curitiba,Brasil,2,Chile,0,Clasificatorias Corea/Japón 2002
538,2001-11-07,Bogotá,Colombia,3,Chile,1,Clasificatorias Corea/Japón 2002
539,2001-11-14,Santiago,Chile,0,Ecuador,0,Clasificatorias Corea/Japón 2002
540,2002-04-17,Kerkrade,Turquía,2,Chile,0,Partido amistoso
541,2003-03-30,Santiago,Chile,2,Perú,0,Partido amistoso
542,2003-04-02,Lima,Perú,3,Chile,0,Partido amistoso
543,2003-04-30,Santiago,Chile,1,Costa Rica,0,Partido amistoso
544,2003-06-08,San José,Costa Rica,1,Chile,0,Partido amistoso
545,2003-06-11,San Pedro Sula,Honduras,1,Chile,2,Partido amistoso
546,2003-08-20,Tianjin,China,0,Chile,0,Partido amistoso
547,2003-09-06,Buenos Aires,Argentina,2,Chile,2,Clasificatorias Alemania 2006
548,2003-09-09,Santiago,Chile,2,Perú,1,Clasificatorias Alemania 2006
549,2003-11-15,Montevideo,Uruguay,2,Chile,1,Clasificatorias Alemania 2006
550,2003-11-18,Santiago,Chile,0,Paraguay,1,Clasificatorias Alemania 2006
551,2004-02-19,Carson,México,1,Chile,1,Partido amistoso
552,2004-03-30,La Paz,Bolivia,0,Chile,2,Clasificatorias Alemania 2006
553,2004-04-28,Antofagasta,Chile,1,Perú,1,Partido amistoso
554,2004-06-01,San Cristóbal,Venezuela,0,Chile,1,Clasificatorias Alemania 2006
555,2004-06-06,Santiago,Chile,1,Brasil,1,Clasificatorias Alemania 2006
556,2004-07-08,Arequipa,Brasil,1,Chile,0,Copa América 2004
557,2004-07-11,Arequipa,Paraguay,1,Chile,1,Copa América 2004
558,2004-07-14,Tacna,Costa Rica,2,Chile,1,Copa América 2004
559,2004-09-05,Santiago,Chile,0,Colombia,0,Clasificatorias Alemania 2006
560,2004-10-10,Quito,Ecuador,2,Chile,0,Clasificatorias Alemania 2006
561,2004-10-13,Santiago,Chile,0,Argentina,0,Clasificatorias Alemania 2006
562,2004-11-17,Lima,Perú,2,Chile,1,Clasificatorias Alemania 2006
563,2005-02-09,Viña del Mar,Chile,3,Ecuador,0,Partido amistoso
564,2005-03-26,Santiago,Chile,1,Uruguay,1,Clasificatorias Alemania 2006
565,2005-03-30,Asunción,Paraguay,2,Chile,1,Clasificatorias Alemania 2006
566,2005-06-04,Santiago,Chile,3,Bolivia,1,Clasificatorias Alemania 2006
567,2005-06-08,Santiago,Chile,2,Venezuela,1,Clasificatorias Alemania 2006
568,2005-08-17,Tacna,Perú,3,Chile,1,Partido amistoso
569,2005-09-04,Brasilia,Brasil,5,Chile,0,Clasificatorias Alemania 2006
570,2005-10-08,Barranquilla,Colombia,1,Chile,1,Clasificatorias Alemania 2006
571,2005-10-12,Santiago,Chile,0,Ecuador,0,Clasificatorias Alemania 2006
572,2006-04-25,Rancagua,Chile,4,Nueva Zelanda,1,Partido amistoso
573,2006-04-27,La Calera,Chile,1,Nueva Zelanda,0,Partido amistoso
574,2006-05-24,Dublín,República de Irlanda,0,Chile,1,Partido amistoso
575,2006-05-30,Vittel,Chile,1,Costa de Marfil,1,Partido amistoso
576,2006-06-02,Solna,Suecia,1,Chile,1,Partido amistoso
577,2006-08-16,Santiago,Chile,1,Colombia,2,Partido amistoso
578,2006-10-07,Viña del Mar,Chile,3,Perú,2,Copa del Pacífico 2006
579,2006-10-11,Tacna,Perú,0,Chile,1,Copa del Pacífico 2006
580,2006-11-15,Viña del Mar,Chile,3,Paraguay,2,Partido amistoso
581,2007-02-07,Maracaibo,Venezuela,0,Chile,1,Partido amistoso
582,2007-03-24,Gotemburgo,Brasil,4,Chile,0,Partido amistoso
583,2007-03-28,Talca,Chile,1,Costa Rica,1,Partido amistoso
584,2007-04-18,Mendoza,Argentina,0,Chile,0,Partido amistoso
585,2007-05-09,Osorno,Chile,3,Cuba,0,Partido amistoso
586,2007-05-16,Temuco,Chile,2,Cuba,0,Partido amistoso
587,2007-05-23,Puerto Príncipe,Haití,0,Chile,0,Partido amistoso
588,2007-06-02,San José,Costa Rica,2,Chile,0,Partido amistoso
589,2007-06-05,Kingston,Jamaica,0,Chile,1,Partido amistoso
590,2007-06-27,Puerto Ordaz,Ecuador,2,Chile,3,Copa América 2007
591,2007-07-01,Maturín,Brasil,3,Chile,0,Copa América 2007
592,2007-07-04,Puerto La Cruz,México,0,Chile,0,Copa América 2007
593,2007-07-07,Puerto La Cruz,Chile,1,Brasil,6,Copa América 2007
594,2007-09-07,Viena,Suiza,2,Chile,1,Turnier der Kontinente 2007
595,2007-09-11,Viena,Austria,0,Chile,2,Turnier der Kontinente 2007
596,2007-10-13,Buenos Aires,Argentina,2,Chile,0,Clasificatorias Sudáfrica 2010
597,2007-10-17,Santiago,Chile,2,Perú,0,Clasificatorias Sudáfrica 2010
598,2007-11-18,Montevideo,Uruguay,2,Chile,2,Clasificatorias Sudáfrica 2010
599,2007-11-21,Santiago,Chile,0,Paraguay,3,Clasificatorias Sudáfrica 2010
600,2008-01-26,Tokio,Japón,0,Chile,0,Partido amistoso
601,2008-01-30,Seúl,Corea del Sur,0,Chile,1,Partido amistoso
602,2008-03-26,Ramat Gan,Israel,1,Chile,0,Partido amistoso
603,2008-06-04,Rancagua,Chile,2,Guatemala,0,Partido amistoso
604,2008-06-07,Valparaíso,Chile,0,Panamá,0,Partido amistoso
605,2008-06-15,La Paz,Bolivia,0,Chile,2,Clasificatorias Sudáfrica 2010
606,2008-06-19,Puerto La Cruz,Venezuela,2,Chile,3,Clasificatorias Sudáfrica 2010
607,2008-08-20,İzmit,Turquía,1,Chile,0,Partido amistoso
608,2008-09-07,Santiago,Chile,0,Brasil,3,Clasificatorias Sudáfrica 2010
609,2008-09-10,Santiago,Chile,4,Colombia,0,Clasificatorias Sudáfrica 2010
610,2008-09-24,Los Ángeles,México,0,Chile,1,Partido amistoso
611,2008-10-12,Quito,Ecuador,1,Chile,0,Clasificatorias Sudáfrica 2010
612,2008-10-15,Santiago,Chile,1,Argentina,0,Clasificatorias Sudáfrica 2010
613,2008-11-19,Villarreal,España,3,Chile,0,Partido amistoso
614,2009-01-18,Fort Lauderdale,Honduras,2,Chile,0,Partido amistoso
615,2009-02-11,Polokwane,Sudáfrica,0,Chile,2,Partido amistoso
616,2009-03-29,Lima,Perú,1,Chile,3,Clasificatorias Sudáfrica 2010
617,2009-04-01,Santiago,Chile,0,Uruguay,0,Clasificatorias Sudáfrica 2010
618,2009-05-27,Osaka,Japón,4,Chile,0,2009 Kirin Cup
619,2009-05-29,Chiba,Bélgica,1,Chile,1,2009 Kirin Cup
620,2009-06-06,Asunción,Paraguay,0,Chile,2,Clasificatorias Sudáfrica 2010
621,2009-06-10,Santiago,Chile,4,Bolivia,0,Clasificatorias Sudáfrica 2010
622,2009-08-12,Brøndby,Dinamarca,1,Chile,2,Partido amistoso
623,2009-09-05,Santiago,Chile,2,Venezuela,2,Clasificatorias Sudáfrica 2010
624,2009-09-09,Salvador,Brasil,4,Chile,2,Clasificatorias Sudáfrica 2010
625,2009-10-10,Medellín,Colombia,2,Chile,4,Clasificatorias Sudáfrica 2010
626,2009-10-14,Santiago,Chile,1,Ecuador,0,Clasificatorias Sudáfrica 2010
627,2009-11-04,Talcahuano,Chile,2,Paraguay,1,Partido amistoso
628,2009-11-17,Žilina,Eslovaquia,1,Chile,2,Partido amistoso
629,2010-01-20,Coquimbo,Chile,2,Panamá,1,Partido amistoso
630,2010-03-31,Temuco,Chile,0,Venezuela,0,Partido amistoso
631,2010-05-05,Iquique,Chile,2,Trinidad y Tobago,0,Partido amistoso
632,2010-05-16,Ciudad de México,México,1,Chile,0,Partido amistoso
633,2010-05-26,Calama,Chile,3,Zambia,0,Partido amistoso
634,2010-05-30,Chillán,Chile,1,Irlanda del Norte,0,Partido amistoso
635,2010-05-30,Concepción,Chile,3,Israel,0,Partido amistoso
636,2010-06-16,Nelspruit,Honduras,0,Chile,1,Copa del Mundo Sudáfrica 2010
637,2010-06-21,Port Elizabeth,Chile,1,Suiza,0,Copa del Mundo Sudáfrica 2010
638,2010-06-25,Pretoria,Chile,1,España,2,Copa del Mundo Sudáfrica 2010
639,2010-06-28,Johannesburgo,Brasil,3,Chile,0,Copa del Mundo Sudáfrica 2010
640,2010-09-07,Kiev,Ucrania,2,Chile,1,Partido amistoso
641,2010-10-09,Abu Dabi,Emiratos Árabes Unidos,0,Chile,2,Partido amistoso
642,2010-10-12,Seeb,Omán,0,Chile,1,Partido amistoso
643,2010-11-17,Santiago,Chile,2,Uruguay,0,Partido amistoso
644,2011-01-23,Carson,Estados Unidos,1,Chile,1,Partido amistoso
645,2011-03-26,Leiría,Portugal,1,Chile,1,Partido amistoso
646,2011-03-29,La Haya,Colombia,0,Chile,2,Partido amistoso
647,2011-06-19,Santiago,Chile,4,Estonia,0,Partido amistoso
648,2011-06-23,Asunción,Paraguay,0,Chile,0,Partido amistoso
649,2011-07-04,San Juan,Chile,2,México,1,Copa América 2011
650,2011-07-08,Mendoza,Uruguay,1,Chile,1,Copa América 2011
651,2011-07-12,Mendoza,Chile,1,Perú,0,Copa América 2011
652,2011-07-17,San Juan,Chile,1,Venezuela,2,Copa América 2011
653,2011-08-10,Montpellier,Francia,1,Chile,1,Partido amistoso
654,2011-09-02,Sankt Gallen,España,3,Chile,2,Partido amistoso
655,2011-09-04,Cornellà de Llobregat,México,1,Chile,0,Partido amistoso
656,2011-10-07,Buenos Aires,Argentina,4,Chile,1,Clasificatorias Brasil 2014
657,2011-10-11,Santiago,Chile,4,Perú,2,Clasificatorias Brasil 2014
658,2011-11-11,Montevideo,Uruguay,4,Chile,0,Clasificatorias Brasil 2014
659,2011-11-15,Santiago,Chile,2,Paraguay,0,Clasificatorias Brasil 2014
660,2011-12-21,La Serena,Chile,3,Paraguay,2,Partido amistoso
661,2012-02-15,Luque,Paraguay,2,Chile,0,Partido amistoso
662,2012-02-29,Chester,Chile,1,Ghana,1,Partido amistoso
663,2012-03-21,Arica,Chile,3,Perú,1,Copa del Pacífico 2012
664,2012-04-11,Tacna,Perú,0,Chile,3,Copa del Pacífico 2012
665,2012-06-02,La Paz,Bolivia,0,Chile,2,Clasificatorias Brasil 2014
666,2012-06-09,Puerto La Cruz,Venezuela,0,Chile,2,Clasificatorias Brasil 2014
667,2012-08-15,Nueva York,Ecuador,3,Chile,0,Partido amistoso
668,2012-09-11,Santiago,Chile,1,Colombia,3,Clasificatorias Brasil 2014
669,2012-10-12,Quito,Ecuador,3,Chile,1,Clasificatorias Brasil 2014
670,2012-10-16,Santiago,Chile,1,Argentina,2,Clasificatorias Brasil 2014
671,2012-11-14,Sankt Gallen,Chile,1,Serbia,3,Partido amistoso
672,2013-01-15,La Serena,Chile,2,Senegal,1,Partido amistoso
673,2013-01-19,Concepción,Chile,3,Haití,0,Partido amistoso
674,2013-02-06,Madrid,Chile,2,Egipto,1,Partido amistoso
675,2013-03-22,Lima,Perú,1,Chile,0,Clasificatorias Brasil 2014
676,2013-03-26,Santiago,Chile,2,Uruguay,0,Clasificatorias Brasil 2014
677,2013-04-24,Belo Horizonte,Brasil,2,Chile,2,Partido amistoso
678,2013-06-07,Asunción,Paraguay,1,Chile,2,Clasificatorias Brasil 2014
679,2013-06-11,Santiago,Chile,3,Bolivia,1,Clasificatorias Brasil 2014
680,2013-08-14,Brøndby,Chile,6,Irak,0,Partido amistoso
681,2013-09-06,Santiago,Chile,3,Venezuela,0,Clasificatorias Brasil 2014
682,2013-09-10,Ginebra,España,2,Chile,2,Partido amistoso
683,2013-10-11,Barranquilla,Colombia,3,Chile,3,Clasificatorias Brasil 2014
684,2013-10-15,Santiago,Chile,2,Ecuador,1,Clasificatorias Brasil 2014
685,2013-11-15,Londres,Inglaterra,0,Chile,2,Partido amistoso
686,2013-11-19,Toronto,Brasil,2,Chile,1,Partido amistoso
687,2014-01-22,Coquimbo,Chile,4,Costa Rica,0,Partido amistoso
688,2014-03-05,Stuttgart,Alemania,1,Chile,0,Partido amistoso
689,2014-05-30,Santiago,Chile,3,Egipto,2,Partido amistoso
690,2014-06-04,Valparaíso,Chile,2,Irlanda del Norte,0,Partido amistoso
691,2014-06-13,Cuiabá,Chile,3,Australia,1,Copa del Mundo Brasil 2014
692,2014-06-18,Río de Janeiro,España,0,Chile,2,Copa del Mundo Brasil 2014
693,2014-06-23,São Paulo,Países Bajos,2,Chile,0,Copa del Mundo Brasil 2014
694,2014-06-28,Belo Horizonte,Brasil,1,Chile,1,Copa del Mundo Brasil 2014
695,2014-09-06,Santa Clara,Chile,0,México,0,Partido amistoso
696,2014-09-09,Fort Lauderdale,Chile,1,Haití,0,Partido amistoso
697,2014-10-10,Valparaíso,Chile,3,Perú,0,Partido amistoso
698,2014-10-14,Coquimbo,Chile,2,Bolivia,2,Partido amistoso
699,2014-11-14,Talcahuano,Chile,5,Venezuela,0,Partido amistoso
700,2014-11-18,Santiago,Chile,1,Uruguay,2,Partido amistoso
701,2015-01-28,Rancagua,Chile,3,Estados Unidos,2,Partido amistoso
702,2015-03-26,Sankt Pölten,Irán,2,Chile,0,Partido amistoso
703,2015-03-29,Londres,Brasil,1,Chile,0,Partido amistoso
704,2015-06-05,Rancagua,Chile,1,El Salvador,0,Partido amistoso
705,2015-06-11,Santiago,Chile,2,Ecuador,0,Copa América 2015
706,2015-06-15,Santiago,Chile,3,México,3,Copa América 2015
707,2015-06-19,Santiago,Chile,5,Bolivia,0,Copa América 2015
708,2015-06-24,Santiago,Chile,1,Uruguay,0,Copa América 2015
709,2015-06-29,Santiago,Chile,2,Perú,1,Copa América 2015
710,2015-07-04,Santiago,Chile,0,Argentina,0,Copa América 2015
711,2015-09-05,Santiago,Chile,3,Paraguay,2,Partido amistoso
712,2015-10-08,Santiago,Chile,2,Brasil,0,Clasificatorias Rusia 2018
713,2015-10-13,Lima,Perú,3,Chile,4,Clasificatorias Rusia 2018
714,2015-11-12,Santiago,Chile,1,Colombia,1,Clasificatorias Rusia 2018
715,2015-11-17,Montevideo,Uruguay,3,Chile,0,Clasificatorias Rusia 2018
716,2016-03-24,Santiago,Chile,1,Argentina,2,Clasificatorias Rusia 2018
717,2016-03-29,Barinas,Venezuela,1,Chile,4,Clasificatorias Rusia 2018
718,2016-05-27,Viña del Mar,Chile,1,Jamaica,2,Partido amistoso
719,2016-06-01,San Diego,México,1,Chile,0,Partido amistoso
720,2016-06-06,Santa Clara,Argentina,2,Chile,1,Copa América Centenario
721,2016-06-10,Foxborough,Chile,2,Bolivia,1,Copa América Centenario
722,2016-06-14,Filadelfia,Chile,4,Panamá,2,Copa América Centenario
723,2016-06-18,Santa Clara,México,0,Chile,7,Copa América Centenario
724,2016-06-22,Chicago,Colombia,0,Chile,2,Copa América Centenario
725,2016-06-26,East Rutherford,Argentina,0,Chile,0,Copa América Centenario
726,2016-09-01,Asunción,Paraguay,2,Chile,1,Clasificatorias Rusia 2018
727,2016-09-06,Santiago,Chile,3,Bolivia,0,Clasificatorias Rusia 2018
728,2016-10-06,Quito,Ecuador,3,Chile,0,Clasificatorias Rusia 2018
729,2016-10-11,Santiago,Chile,2,Perú,1,Clasificatorias Rusia 2018
730,2016-11-10,Barranquilla,Colombia,0,Chile,0,Clasificatorias Rusia 2018
731,2016-11-15,Santiago,Chile,3,Uruguay,1,Clasificatorias Rusia 2018
732,2017-01-11,Nanning,Chile,1,Croacia,1,2017 China Cup
733,2017-01-15,Nanning,Islandia,0,Chile,1,2017 China Cup
734,2017-03-23,Buenos Aires,Argentina,1,Chile,0,Clasificatorias Rusia 2018
735,2017-03-28,Santiago,Chile,3,Venezuela,1,Clasificatorias Rusia 2018
736,2017-06-02,Santiago,Chile,3,Burkina Faso,0,Partido amistoso
737,2017-06-09,Moscú,Rusia,1,Chile,1,Partido amistoso
738,2017-06-13,Cluj-Napoca,Rumania,3,Chile,2,Partido amistoso
739,2017-06-18,Moscú,Camerún,0,Chile,2,Copa Confederaciones 2017
740,2017-06-22,Kazán,Alemania,1,Chile,1,Copa Confederaciones 2017
741,2017-06-25,Moscú,Chile,1,Australia,1,Copa Confederaciones 2017
742,2017-06-28,Kazán,Portugal,0,Chile,0,Copa Confederaciones 2017
743,2017-07-02,San Petersburgo,Chile,0,Alemania,1,Copa Confederaciones 2017
744,2017-08-31,Santiago,Chile,0,Paraguay,3,Clasificatorias Rusia 2018
745,2017-09-05,La Paz,Bolivia,1,Chile,0,Clasificatorias Rusia 2018
746,2017-10-05,Santiago,Chile,2,Ecuador,1,Clasificatorias Rusia 2018
747,2017-10-10,São Paulo,Brasil,3,Chile,0,Clasificatorias Rusia 2018
748,2018-03-24,Solna,Suecia,1,Chile,2,Partido amistoso
749,2018-03-27,Aalborg,Dinamarca,0,Chile,0,Partido amistoso
750,2018-05-31,Graz,Rumania,3,Chile,2,Partido amistoso
751,2018-06-04,Graz,Serbia,0,Chile,1,Partido amistoso
752,2018-06-08,Poznań,Polonia,2,Chile,2,Partido amistoso
753,2018-09-11,Suwon,Corea del Sur,0,Chile,0,Partido amistoso
754,2018-10-12,Miami Gardens,Perú,3,Chile,0,Partido amistoso
755,2018-10-16,Querétaro,México,0,Chile,1,Partido amistoso
756,2018-11-16,Rancagua,Chile,2,Costa Rica,3,Partido amistoso
757,2018-11-20,Temuco,Chile,4,Honduras,1,Partido amistoso
758,2019-03-22,San Diego,México,3,Chile,1,Partido amistoso
759,2019-03-26,Houston,Estados Unidos,1,Chile,1,Partido amistoso
760,2019-06-06,La Serena,Chile,2,Haití,1,Partido amistoso
761,2019-06-17,São Paulo,Japón,0,Chile,4,Copa América 2019
762,2019-06-21,Salvador,Ecuador,1,Chile,2,Copa América 2019
763,2019-06-24,Río de Janeiro,Chile,0,Uruguay,1,Copa América 2019
764,2019-06-28,São Paulo,Colombia,0,Chile,0,Copa América 2019
765,2019-07-03,Porto Alegre,Chile,0,Perú,3,Copa América 2019
766,2019-07-06,São Paulo,Argentina,2,Chile,1,Copa América 2019
767,2019-09-05,Los Ángeles,Argentina,0,Chile,0,Partido amistoso
768,2019-09-10,San Pedro Sula,Honduras,2,Chile,1,Partido amistoso
769,2019-10-12,Alicante,Colombia,0,Chile,0,Partido amistoso
770,2019-10-15,Alicante,Guinea,2,Chile,3,Partido amistoso
771,2020-10-08,Montevideo,Uruguay,2,Chile,1,Clasificatorias Catar 2022
772,2020-10-13,Santiago,Chile,2,Colombia,2,Clasificatorias Catar 2022
773,2020-11-13,Santiago,Chile,2,Perú,0,Clasificatorias Catar 2022
774,2020-11-17,Caracas,Venezuela,2,Chile,1,Clasificatorias Catar 2022
775,2021-03-26,Rancagua,Chile,2,Bolivia,1,Partido amistoso
776,2021-06-03,Santiago del Estero,Argentina,1,Chile,1,Clasificatorias Catar 2022
777,2021-06-08,Santiago,Chile,1,Bolivia,1,Clasificatorias Catar 2022
778,2021-06-14,Río de Janeiro,Argentina,1,Chile,1,Copa América 2021
779,2021-06-18,Cuiabá,Chile,1,Bolivia,0,Copa América 2021
780,2021-06-21,Cuiabá,Uruguay,1,Chile,1,Copa América 2021
781,2021-06-24,Brasilia,Chile,0,Paraguay,2,Copa América 2021
782,2021-07-02,Río de Janeiro,Brasil,1,Chile,0,Copa América 2021
783,2021-09-02,Santiago,Chile,0,Brasil,1,Clasificatorias Catar 2022
784,2021-09-05,Quito,Ecuador,0,Chile,0,Clasificatorias Catar 2022
785,2021-09-09,Barranquilla,Colombia,3,Chile,1,Clasificatorias Catar 2022
786,2021-10-07,Lima,Perú,2,Chile,0,Clasificatorias Catar 2022
787,2021-10-10,Santiago,Chile,2,Paraguay,0,Clasificatorias Catar 2022
788,2021-10-14,Santiago,Chile,3,Venezuela,0,Clasificatorias Catar 2022
789,2021-11-11,Asunción,Paraguay,0,Chile,1,Clasificatorias Catar 2022
790,2021-11-16,Santiago,Chile,0,Ecuador,2,Clasificatorias Catar 2022
791,2021-12-09,Austin,México,2,Chile,2,Partido amistoso
792,2021-12-12,Los Ángeles,El Salvador,0,Chile,1,Partido amistoso
793,2022-01-27,Calama,Chile,1,Argentina,2,Clasificatorias Catar 2022
794,2022-02-01,La Paz,Bolivia,2,Chile,3,Clasificatorias Catar 2022
795,2022-03-24,Río de Janeiro,Brasil,4,Chile,0,Clasificatorias Catar 2022
796,2022-03-29,Santiago,Chile,0,Uruguay,2,Clasificatorias Catar 2022
797,2022-06-06,Daejeon,Corea del Sur,2,Chile,0,Partido amistoso
798,2022-06-10,Kobe,Chile,0,Túnez,2,2022 Kirin Cup
799,2022-06-14,Osaka,Chile,0,Ghana,0,2022 Kirin Cup
800,2022-09-23,Cornellà de Llobregat,Marruecos,2,Chile,0,Partido amistoso
801,2022-09-27,Viena,Catar,2,Chile,2,Partido amistoso
802,2022-11-16,Varsovia,Polonia,1,Chile,0,Partido amistoso
803,2022-11-20,Bratislava,Eslovaquia,0,Chile,0,Partido amistoso
804,2023-03-27,Santiago,Chile,3,Paraguay,2,Partido amistoso
805,2023-06-11,Concepción,Chile,3,Cuba,0,Partido amistoso
806,2023-06-16,Viña del Mar,Chile,5,República Dominicana,0,Partido amistoso
807,2023-06-20,Santa Cruz,Bolivia,0,Chile,0,Partido amistoso
808,2023-09-08,Montevideo,Uruguay,3,Chile,1,Clasificatorias Mundial 2026
809,2023-09-12,Santiago,Chile,0,Colombia,0,Clasificatorias Mundial 2026
810,2023-10-12,Santiago,Chile,2,Perú,0,Clasificatorias Mundial 2026
811,2023-10-17,Maturín,Venezuela,3,Chile,0,Clasificatorias Mundial 2026
812,2023-11-16,Santiago,Chile,0,Paraguay,0,Clasificatorias Mundial 2026
813,2023-11-21,Quito,Ecuador,1,Chile,0,Clasificatorias Mundial 2026
814,2024-03-22,Parma,Albania,0,Chile,3,Partido amistoso
815,2024-03-26,Marsella,Francia,3,Chile,2,Partido amistoso
816,2024-06-11,Santiago,Chile,3,Paraguay,0,Partido amistoso
817,2024-06-21,Arlington,Perú,0,Chile,0,Copa América 2024
818,2024-06-25,East Rutherford,Chile,0,Argentina,1,Copa América 2024
819,2024-06-29,Orlando,Canadá,0,Chile,0,Copa América 2024
820,2024-09-05,Buenos Aires,Argentina,3,Chile,0,Clasificatorias Mundial 2026
